{"cameraMode":{"drawMode":0,"name":"Shaded","section":"Shading Mode"},"sceneLighting":true,"audioPlay":false,"sceneViewState":{"m_AlwaysRefresh":false,"showFog":true,"showSkybox":true,"showFlares":true,"showImageEffects":true,"showParticleSystems":true,"showVisualEffectGraphs":true,"m_FxEnabled":true},"in2DMode":false,"pivot":{"x":2.5522382259368898,"y":0.3068939447402954,"z":2.028073310852051},"rotation":{"x":-0.2859121561050415,"y":-0.09124917536973953,"z":0.027356451377272607,"w":-0.9535486102104187},"size":3.149291515350342,"orthographic":false}