{"cameraMode":{"drawMode":0,"name":"Shaded","section":"Shading Mode"},"sceneLighting":true,"audioPlay":false,"sceneViewState":{"m_AlwaysRefresh":false,"showFog":true,"showSkybox":true,"showFlares":true,"showImageEffects":true,"showParticleSystems":true,"showVisualEffectGraphs":true,"m_FxEnabled":true},"in2DMode":false,"pivot":{"x":6.349945545196533,"y":0.6798971891403198,"z":1.7740360498428345},"rotation":{"x":-0.2722654640674591,"y":0.06114552915096283,"z":-0.01734035834670067,"w":-0.9601585865020752},"size":3.5442960262298586,"orthographic":false}