{"cameraMode":{"drawMode":0,"name":"Shaded","section":"Shading Mode"},"sceneLighting":false,"audioPlay":false,"sceneViewState":{"m_AlwaysRefresh":false,"showFog":true,"showSkybox":false,"showFlares":true,"showImageEffects":true,"showParticleSystems":true,"showVisualEffectGraphs":true,"m_FxEnabled":true},"in2DMode":false,"pivot":{"x":-15.067778587341309,"y":8.160137176513672,"z":-10.049388885498047},"rotation":{"x":-0.03180469945073128,"y":0.008092761971056462,"z":-0.00026987469755113125,"w":-0.9995025992393494},"size":55.65332794189453,"orthographic":false}